,monthly_listeners,listener_pct_change,monthly_spins,spins_pct_change,followers_insta,av_post_likes_insta,av_post_comments_insta,av_post_views_insta,followers_tiktok,av_post_likes_tiktok,av_post_comments_tiktok,av_post_views_tiktok,followers_youtube,av_post_likes_youtube,av_post_comments_youtube,av_post_views_youtube,Artist_ID,retweet,likes,Sentiment_Neutral,TweetSentiment_Positive,TweetSentiment_Negative,New_Music,TV_Show
2018-07-02,0.6137704132414195,0.0,,,,,,,,,,,,,,,511.0,715.0,5490.0,0.0,2.0,2.0,0.0,0.0
2018-07-03,0.6137704132414195,0.0,,,,,,,,,,,,,,,511.0,189.0,2766.0,0.0,0.0,2.0,0.0,0.0
2018-07-04,0.5909794669517456,-0.0041318631868199,,,,,,,,,,,,,,,511.0,30.0,96.0,0.0,1.0,0.0,0.0,0.0
2018-07-05,0.5909794669517456,0.0,,,,,,,,,,,,,,,511.0,63.0,79.0,0.0,2.0,0.0,0.0,0.0
2018-07-06,0.5909794669517456,0.0,,,,,,,,,,,,,,,511.0,37.0,44.0,0.0,0.0,1.0,0.0,0.0
2018-07-07,0.5909794669517456,0.0,,,,,,,,,,,,,,,511.0,215.0,408.0,0.0,2.0,4.0,0.0,0.0
2018-07-08,0.5909794669517456,0.0,,,,,,,,,,,,,,,511.0,223.0,452.0,0.0,0.0,5.0,0.0,0.0
2018-07-09,0.571243082947289,-0.0035929347028763,,,,,,,,,,,,,,,511.0,839.0,1823.0,0.0,1.0,11.0,0.0,0.0
2018-07-10,0.571243082947289,0.0,,,,,,,,,,,,,,,511.0,99.0,227.0,0.0,2.0,3.0,0.0,0.0
2018-07-11,0.571243082947289,0.0,,,,,,,,,,,,,,,511.0,7.0,7.0,0.0,1.0,0.0,0.0,0.0
2018-07-12,0.571243082947289,0.0,,,,,,,,,,,,,,,511.0,112.0,510.0,0.0,1.0,4.0,0.0,0.0
2018-07-14,,,,,,,,,,,,,,,,,,135.0,982.0,0.0,1.0,0.0,0.0,0.0
2018-07-15,,,,,,,,,,,,,,,,,,44.0,110.0,0.0,0.0,2.0,0.0,0.0
2018-07-17,,,,,,,,,,,,,,,,,,3883.0,7836.0,0.0,4.0,6.0,0.0,0.0
2018-07-18,,,,,,,,,,,,,,,,,,805.0,2143.0,0.0,0.0,4.0,0.0,0.0
2018-07-19,0.5312880156301842,-0.0072998982440694,,,,,,,,,,,,,,,511.0,30.0,97.0,0.0,1.0,1.0,0.0,0.0
2018-07-20,0.5312880156301842,0.0,,,,,,,,,,,,,,,511.0,129.0,308.0,0.0,0.0,5.0,0.0,0.0
2018-07-21,0.5312880156301842,0.0,,,,,,,,,,,,,,,511.0,24.0,140.0,0.0,0.0,2.0,0.0,0.0
2018-07-22,0.5312880156301842,0.0,,,,,,,,,,,,,,,511.0,102.0,710.0,0.0,1.0,3.0,0.0,0.0
2018-07-23,0.5312880156301842,0.0,,,,,,,,,,,,,,,511.0,4388.0,16667.0,0.0,11.0,40.0,0.0,0.0
2018-07-24,0.5438585173443435,0.0023135531698843,,,,,,,,,,,,,,,511.0,1888.0,5164.0,0.0,13.0,38.0,0.0,0.0
2018-07-25,0.5438585173443435,0.0,,,,,,,,,,,,,,,511.0,3150.0,8073.0,0.0,7.0,22.0,0.0,0.0
2018-07-26,0.5438585173443435,0.0,,,,,,,,,,,,,,,511.0,924.0,1579.0,0.0,3.0,0.0,0.0,0.0
2018-07-27,0.5451968723248255,0.0002457506016846,,,,,,,,,,,,,,,511.0,882.0,4270.0,0.0,2.0,5.0,0.0,0.0
2018-07-28,0.5451968723248255,0.0,,,,,,,,,,,,,,,511.0,209.0,615.0,0.0,0.0,4.0,0.0,0.0
2018-07-29,0.5451968723248255,0.0,,,,,,,,,,,,,,,511.0,787.0,1481.0,0.0,3.0,4.0,0.0,0.0
2018-07-30,0.5451968723248255,0.0,,,,,,,,,,,,,,,511.0,197.0,597.0,0.0,2.0,6.0,0.0,0.0
2018-07-31,0.5451968723248255,0.0,,,,,,,,,,,,,,,511.0,15.0,44.0,0.0,0.0,1.0,0.0,0.0
2018-08-01,0.5737549305120355,0.00524258196927,,,,,,,,,,,,,,,511.0,129.0,96.0,0.0,1.0,1.0,0.0,0.0
2018-08-02,0.5834961477494742,0.0017789301959234,,,,,,,,,,,,,,,511.0,41.0,62.0,0.0,0.0,2.0,0.0,0.0
2018-08-03,0.5834961477494742,0.0,,,,,,,,,,,,,,,511.0,426.0,3502.0,0.0,1.0,4.0,0.0,0.0
2018-08-04,0.5834961477494742,0.0,,,,,,,,,,,,,,,511.0,102.0,537.0,0.0,1.0,2.0,0.0,0.0
2018-08-05,0.5834961477494742,0.0,,,,,,,,,,,,,,,511.0,168.0,1074.0,0.0,4.0,3.0,0.0,0.0
2018-08-06,0.5834961477494742,0.0,,,,,,,,,,,,,,,511.0,174.0,529.0,0.0,2.0,3.0,0.0,0.0
2018-08-07,0.6180773153438759,0.0063039598410261,,,,,,,,,,,,,,,511.0,6382.0,13086.0,0.0,1.0,8.0,0.0,0.0
2018-08-08,0.6180773153438759,0.0,,,,,,,,,,,,,,,511.0,189.0,363.0,0.0,3.0,4.0,0.0,0.0
2018-08-09,0.6180773153438759,0.0,,,,,,,,,,,,,,,511.0,61.0,86.0,0.0,0.0,2.0,0.0,0.0
2018-08-10,0.6537101207079452,0.0064549758109992,,,,,,,,,,,,,,,511.0,,,,,,0.0,0.0
2018-08-11,0.6537101207079452,0.0,,,,,,,,,,,,,,,511.0,15.0,77.0,0.0,0.0,1.0,0.0,0.0
2018-08-12,0.6537101207079452,0.0,,,,,,,,,,,,,,,511.0,395.0,1075.0,0.0,0.0,3.0,0.0,0.0
2018-08-13,0.6537101207079452,0.0,,,,,,,,,,,,,,,511.0,,,,,,0.0,0.0
2018-08-14,,,,,,,,,,,,,,,,,,7314.0,12857.0,0.0,5.0,3.0,0.0,0.0
2018-08-15,,,,,,,,,,,,,,,,,,132.0,340.0,0.0,1.0,1.0,0.0,0.0
2018-08-16,0.6904109476823006,0.0066058103706116,,,,,,,,,,,,,,,511.0,75.0,169.0,0.0,2.0,2.0,0.0,0.0
2018-08-17,0.6904109476823006,0.0,,,,,,,,,,,,,,,511.0,218.0,847.0,0.0,0.0,7.0,0.0,0.0
2018-08-18,0.6904109476823006,0.0,,,,,,,,,,,,,,,511.0,360.0,1285.0,0.0,3.0,5.0,0.0,0.0
2018-08-19,,,,,,,,,,,,,,,,,,278.0,468.0,0.0,2.0,2.0,0.0,0.0
2018-08-20,0.7352483995035692,0.008017366597095,,,,,,,,,,,,,,,511.0,222.0,925.0,0.0,3.0,4.0,0.0,0.0
2018-08-21,,,,,,,,,,,,,,,,,,20.0,165.0,0.0,0.0,1.0,0.0,0.0
2018-08-22,,,,,,,,,,,,,,,,,,225.0,787.0,0.0,0.0,6.0,0.0,0.0
2018-08-23,,,,,,,,,,,,,,,,,,75.0,87.0,0.0,1.0,3.0,0.0,0.0
2018-08-24,0.7417015847269832,0.0011447138451523,,,,,,,,,,,,,,,511.0,44.0,68.0,0.0,1.0,1.0,0.0,0.0
2018-08-25,0.7417015847269832,0.0,,,,,,,,,,,,,,,511.0,9.0,104.0,0.0,0.0,1.0,0.0,0.0
2018-08-26,,,,,,,,,,,,,,,,,,609.0,962.0,0.0,0.0,2.0,0.0,0.0
2018-08-27,,,,,,,,,,,,,,,,,,56.0,207.0,0.0,1.0,1.0,0.0,0.0
2018-08-28,,,,,,,,,,,,,,,,,,370.0,2356.0,0.0,2.0,2.0,0.0,0.0
2018-08-29,0.7463064679306797,0.0008159143393362,,,,,,,,,,,,,,,511.0,102.0,189.0,0.0,2.0,1.0,0.0,0.0
2018-08-30,0.7463064679306797,0.0,,,,,,,,,,,,,,,511.0,71.0,119.0,0.0,2.0,2.0,0.0,0.0
2018-08-31,,,,,,,,,,,,,,,,,,11.0,13.0,0.0,1.0,0.0,0.0,0.0
2018-09-01,0.7463064679306797,0.0,,,,,,,,,,,,,,,511.0,12.0,25.0,0.0,0.0,1.0,0.0,0.0
2018-09-02,0.7463064679306797,0.0,,,,,,,,,,,,,,,511.0,121.0,181.0,0.0,0.0,3.0,0.0,0.0
2018-09-03,0.7558684869113588,0.0016928611765003,,,,,,,,,,,,,,,511.0,6769.0,20093.0,0.0,1.0,7.0,0.0,0.0
2018-09-04,,,,,,,,,,,,,,,,,,1159.0,2892.0,0.0,2.0,4.0,0.0,0.0
2018-09-05,,,,,,,,,,,,,,,,,,151.0,338.0,0.0,2.0,1.0,0.0,0.0
2018-09-06,0.7558684869113588,0.0,,,,,,,,,,,,,,,511.0,110.0,261.0,0.0,2.0,1.0,0.0,0.0
2018-09-07,0.7493876539569024,-0.0011454285203919,,,,,,,,,,,,,,,511.0,579.0,1520.0,0.0,1.0,2.0,0.0,0.0
2018-09-08,0.7493876539569024,0.0,,,,,,,,,,,,,,,511.0,50.0,715.0,0.0,1.0,0.0,0.0,0.0
2018-09-09,0.7493876539569024,0.0,,,,,,,,,,,,,,,511.0,,,,,,0.0,0.0
2018-09-10,0.7493876539569024,0.0,,,,,,,,,,,,,,,511.0,131.0,258.0,0.0,0.0,3.0,0.0,0.0
2018-09-11,0.7493876539569024,0.0,,,,,,,,,,,,,,,511.0,53.0,163.0,0.0,0.0,1.0,0.0,0.0
2018-09-12,0.7095472735241231,-0.007049501061221,,,,,,,,,,,,,,,511.0,209.0,875.0,0.0,0.0,4.0,0.0,0.0
2018-09-13,0.7095472735241231,0.0,,,,,,,,,,,,,,,511.0,456.0,337.0,0.0,0.0,4.0,0.0,0.0
2018-09-14,0.7095472735241231,0.0,,,,,,,,,,,,,,,511.0,2237.0,7356.0,0.0,5.0,9.0,0.0,0.0
2018-09-15,0.7095472735241231,0.0,,,,,,,,,,,,,,,511.0,414.0,1480.0,0.0,2.0,4.0,0.0,0.0
2018-09-16,0.7095472735241231,0.0,,,,,,,,,,,,,,,511.0,332.0,2217.0,0.0,3.0,4.0,0.0,0.0
2018-09-17,0.690928062651806,-0.0033179403624716,,,,,,,,,,,,,,,511.0,36.0,75.0,0.0,0.0,2.0,0.0,0.0
2018-09-18,0.690928062651806,0.0,,,,,,,,,,,,,,,511.0,128.0,479.0,0.0,2.0,3.0,0.0,0.0
2018-09-19,0.690928062651806,0.0,,,,,,,,,,,,,,,511.0,176.0,862.0,0.0,1.0,2.0,0.0,0.0
2018-09-20,0.690928062651806,0.0,,,,,,,,,,,,,,,511.0,45.0,71.0,0.0,2.0,1.0,0.0,0.0
2018-09-21,0.6874536644507518,-0.0006211982957233,,,,,,,,,,,,,,,511.0,80.0,171.0,0.0,2.0,1.0,0.0,0.0
2018-09-22,0.6874536644507518,0.0,,,,,,,,,,,,,,,511.0,67.0,388.0,0.0,0.0,2.0,0.0,0.0
2018-09-23,0.6874536644507518,0.0,,,,,,,,,,,,,,,511.0,70.0,222.0,0.0,0.0,2.0,0.0,0.0
2018-09-24,0.6874536644507518,0.0,,,,,,,,,,,,,,,511.0,,,,,,0.0,0.0
2018-09-25,0.6874536644507518,0.0,0.35000000000000003,0.0,,,,,,,,,,,,,511.0,723.0,1785.0,0.0,3.0,11.0,0.0,0.0
2018-09-26,0.7038549128994074,0.0029342521962008,0.35000000000000003,0.0,,,,,,,,,,,,,511.0,1251.0,2681.0,0.0,2.0,6.0,0.0,0.0
2018-09-27,0.7038549128994074,0.0,0.25000000000000006,-0.25,,,,,,,,,,,,,511.0,3530.0,7573.0,0.0,1.0,6.0,0.0,0.0
2018-09-28,0.7038549128994074,0.0,0.25000000000000006,0.0,,,,,,,,,,,,,511.0,16.0,65.0,0.0,0.0,1.0,0.0,0.0
2018-09-29,0.7038549128994074,0.0,0.2,-0.1666666666666666,,,,,,,,,,,,,511.0,45.0,284.0,0.0,0.0,3.0,0.0,0.0
2018-09-30,0.7038549128994074,0.0,0.30000000000000004,0.3999999999999999,,,,,,,,,,,,,511.0,220.0,639.0,0.0,1.0,2.0,0.0,0.0
2018-10-01,0.6845649885517915,-0.0034409518200987,0.05,-0.7142857142857143,,,,,,,,,,,,,511.0,123.0,338.0,0.0,0.0,2.0,0.0,0.0
2018-10-02,0.6845649885517915,0.0,0.25000000000000006,2.0,,,,,,,,,,,,,511.0,551.0,2145.0,0.0,0.0,4.0,0.0,0.0
2018-10-03,0.6845649885517915,0.0,0.35000000000000003,0.3333333333333332,,,,,,,,,,,,,511.0,332.0,573.0,0.0,1.0,5.0,0.0,0.0
2018-10-04,0.669192850091954,-0.0027515620961873,0.45,0.25,,,,,,,,,,,,,511.0,3583.0,5687.0,0.0,3.0,17.0,0.0,0.0
2018-10-05,,,,,,,,,,,,,,,,,,1420.0,3869.0,0.0,1.0,7.0,0.0,0.0
2018-10-06,0.669192850091954,0.0,0.4,1.25,,,,,,,,,,,,,511.0,885.0,3412.0,0.0,1.0,5.0,0.0,0.0
2018-10-07,0.669192850091954,0.0,0.25000000000000006,-0.3333333333333333,,,,,,,,,,,,,511.0,150.0,645.0,0.0,0.0,3.0,0.0,0.0
2018-10-08,0.669192850091954,0.0,0.30000000000000004,0.1666666666666667,,,,,,,,,,,,,511.0,5878.0,13348.0,0.0,0.0,7.0,0.0,0.0
2018-10-09,0.6983837341230341,0.0052394887661699,0.2,-0.2857142857142857,,,,,,,,,,,,,511.0,209.0,505.0,0.0,4.0,4.0,0.0,0.0
2018-10-10,0.6983837341230341,0.0,0.2,0.0,,,,,,,,,,,,,511.0,117.0,264.0,0.0,3.0,1.0,0.0,0.0
2018-10-11,0.6983837341230341,0.0,0.2,0.0,,,,,,,,,,,,,511.0,93.0,126.0,0.0,1.0,3.0,0.0,0.0
2018-10-12,0.6983837341230341,0.0,0.35000000000000003,0.6000000000000001,,,,,,,,,,,,,511.0,85.0,143.0,0.0,0.0,2.0,0.0,0.0
2018-10-13,0.6983837341230341,0.0,0.25000000000000006,-0.25,,,,,,,,,,,,,511.0,132.0,211.0,0.0,2.0,0.0,0.0,0.0
2018-10-14,0.6983837341230341,0.0,0.10000000000000002,-0.5,,,,,,,,,,,,,511.0,158.0,250.0,0.0,1.0,4.0,0.0,0.0
2018-10-15,0.7468471346710741,0.0086533846622194,0.05,-0.3333333333333333,,,,,,,,,,,,,511.0,93.0,317.0,0.0,1.0,1.0,0.0,0.0
2018-10-16,0.7468471346710741,0.0,0.45,4.0,,,,,,,,,,,,,511.0,176.0,374.0,0.0,0.0,2.0,0.0,0.0
2018-10-17,0.7468471346710741,0.0,0.8,0.7,,,,,,,,,,,,,511.0,610.0,1509.0,0.0,2.0,3.0,0.0,0.0
2018-10-18,0.7468471346710741,0.0,0.8,0.0,,,,,,,,,,,,,511.0,1499.0,5299.0,0.0,3.0,0.0,0.0,0.0
2018-10-19,0.7468471346710741,0.0,0.5,-0.3529411764705882,,,,,,,,,,,,,511.0,96.0,301.0,0.0,1.0,3.0,0.0,0.0
2018-10-20,0.7279115108768224,-0.0033520446257708,0.75,0.4545454545454546,,,,,,,,,,,,,511.0,69.0,230.0,0.0,0.0,2.0,0.0,0.0
2018-10-21,0.7279115108768224,0.0,0.55,-0.25,,,,,,,,,,,,,511.0,704.0,1886.0,0.0,4.0,0.0,0.0,0.0
2018-10-22,0.7279115108768224,0.0,0.65,0.1666666666666667,,,,,,,,,,,,,511.0,828.0,4765.0,0.0,1.0,8.0,0.0,0.0
2018-10-23,0.7279115108768224,0.0,0.7,0.0714285714285714,,,,,,,,,,,,,511.0,439.0,892.0,0.0,9.0,11.0,0.0,0.0
2018-10-24,0.7279115108768224,0.0,0.8,0.1333333333333333,,,,,,,,,,,,,511.0,770.0,1306.0,0.0,4.0,3.0,0.0,0.0
2018-10-25,0.6941177916221228,-0.0060023924450099,0.5,-0.3529411764705882,,,,,,,,,,,,,511.0,2079.0,6063.0,0.0,5.0,2.0,0.0,0.0
2018-10-26,0.6941177916221228,0.0,0.55,0.0909090909090908,,,,,,,,,,,,,511.0,129.0,95.0,0.0,1.0,1.0,0.0,0.0
2018-10-27,0.6941177916221228,0.0,0.6,0.0833333333333332,,,,,,,,,,,,,511.0,158.0,214.0,0.0,2.0,2.0,0.0,0.0
2018-10-28,0.6941177916221228,0.0,0.7,0.1538461538461537,,,,,,,,,,,,,511.0,6451.0,28307.0,0.0,2.0,4.0,0.0,0.0
2018-10-29,0.6941177916221228,0.0,0.25000000000000006,-0.6,,,,,,,,,,,,,511.0,662.0,2510.0,0.0,3.0,6.0,0.0,0.0
2018-10-30,0.6636714958036887,-0.0054404837644568,0.30000000000000004,0.1666666666666667,,,,,,,,,,,,,511.0,79.0,275.0,0.0,2.0,1.0,0.0,0.0
2018-10-31,0.6636714958036887,0.0,0.15000000000000002,-0.4285714285714286,,,,,,,,,,,,,511.0,32.0,192.0,0.0,1.0,1.0,0.0,0.0
2018-11-01,0.6636714958036887,0.0,0.25000000000000006,0.5,,,,,,,,,,,,,511.0,243.0,557.0,0.0,4.0,1.0,0.0,0.0
2018-11-02,0.6636714958036887,0.0,0.30000000000000004,0.1666666666666667,,,,,,,,,,,,,511.0,67.0,212.0,0.0,1.0,2.0,0.0,0.0
2018-11-03,,,,,,,,,,,,,,,,,,173.0,694.0,0.0,2.0,5.0,0.0,0.0
2018-11-05,,,,,,,,,,,,,,,,,,22.0,40.0,0.0,0.0,1.0,0.0,0.0
2018-11-06,,,,,,,,,,,,,,,,,,247.0,326.0,0.0,3.0,0.0,0.0,0.0
2018-11-07,0.639470515230828,-0.0043481572489708,0.30000000000000004,0.75,,,,,,,,,,,,,511.0,1975.0,9555.0,0.0,10.0,4.0,0.0,0.0
2018-11-08,0.639470515230828,0.0,0.35000000000000003,0.1428571428571428,,,,,,,,,,,,,511.0,,,,,,0.0,0.0
2018-11-09,0.5681977365724187,-0.0128614065781041,0.30000000000000004,-0.125,,,,,,,,,,,,,511.0,239.0,459.0,0.0,1.0,2.0,0.0,0.0
2018-11-10,0.5681977365724187,0.0,0.10000000000000002,-0.5714285714285714,,,,,,,,,,,,,511.0,404.0,957.0,0.0,2.0,5.0,0.0,0.0
2018-11-11,0.5681977365724187,0.0,0.35000000000000003,1.6666666666666663,,,,,,,,,,,,,511.0,50852.0,105697.0,0.0,2.0,19.0,0.0,0.0
2018-11-12,0.5681977365724187,0.0,0.05,-0.75,,,,,,,,,,,,,511.0,1628.0,5687.0,0.0,3.0,25.0,0.0,0.0
2018-11-13,0.5317447151874104,-0.0066637727110467,0.10000000000000002,0.5,,,,,,,,,,,,,511.0,377.0,1960.0,0.0,3.0,6.0,0.0,0.0
2018-11-14,0.5323263415293491,0.0001070371256763,0.30000000000000004,1.3333333333333337,,,,,,,,,,,,,511.0,15.0,47.0,0.0,1.0,0.0,0.0,0.0
2018-11-15,0.5310156342799095,-0.0002411846083519,0.30000000000000004,0.0,,,,,,,,,,,,,511.0,527.0,1499.0,0.0,1.0,0.0,0.0,0.0
2018-11-16,0.530790356471412,-4.146360494383661e-05,0.45,0.4285714285714286,,,,,,,,,,,,,511.0,234.0,843.0,0.0,1.0,4.0,0.0,0.0
2018-11-17,0.5544475983337636,0.0043544244820321,0.2,-0.5,,,,,,,,,,,,,511.0,81.0,212.0,0.0,2.0,2.0,0.0,0.0
2018-11-18,0.5556610265295339,0.0002223789822024,0.35000000000000003,0.6000000000000001,,,,,,,,,,,,,511.0,216.0,703.0,0.0,5.0,1.0,0.0,0.0
2018-11-19,0.5608526560253617,0.0009512327188032,0.15000000000000002,-0.5,,,,,,,,,,,,,511.0,,,,,,0.0,0.0
2018-11-20,0.5675741266388963,0.0012303664332644,0.4,1.25,,,,,,,,,,,,,511.0,59.0,626.0,0.0,1.0,1.0,0.0,0.0
2018-11-21,0.5701658454266552,0.0004738316147343,0.15000000000000002,-0.5555555555555556,,,,,,,,,,,,,511.0,17.0,33.0,0.0,1.0,0.0,0.0,0.0
2018-11-22,0.5778048111147971,0.0013959343132443,0.15000000000000002,0.0,,,,,,,,,,,,,511.0,65.0,492.0,0.0,1.0,2.0,0.0,0.0
2018-11-23,0.5977644249476741,0.0036423085569023,0.35000000000000003,1.0,,,,,,,,,,,,,511.0,323.0,9274.0,0.0,1.0,2.0,0.0,0.0
2018-11-24,0.6122876756654909,0.0026406416779758,0.2,-0.375,,,,,,,,,,,,,511.0,40.0,143.0,0.0,1.0,1.0,0.0,0.0
2018-11-25,0.6010780567126641,-0.0020327837680349,0.6,1.6,,,,,,,,,,,,,511.0,85.0,261.0,0.0,3.0,0.0,0.0,0.0
2018-11-26,0.5903916966695748,-0.0019418418731145,0.5,-0.1538461538461538,,,,,,,,,,,,,511.0,177.0,684.0,0.0,0.0,3.0,0.0,0.0
2018-11-27,0.5845805532003787,-0.0010580100871706,0.8,0.5454545454545454,,,,,,,,,,,,,511.0,,,,,,0.0,0.0
2018-11-28,0.5859557718222517,0.0002506453698354,0.6,-0.2352941176470588,,,,,,,,,,,,,511.0,137.0,5.0,0.0,0.0,1.0,0.0,0.0
2018-11-29,0.5925400277706094,0.0011997363192275,1.0,0.6153846153846154,,,,,,,,,,,,,511.0,422.0,1477.0,0.0,2.0,3.0,0.0,0.0
2018-11-30,0.5925400277706094,0.0,0.9,-0.0952380952380952,,,,,,,,,,,,,511.0,451.0,1026.0,0.0,4.0,2.0,0.0,0.0
2018-12-01,0.5949382124410691,0.0004364565320416,0.55,-0.368421052631579,,,,,,,,,,,,,511.0,1243.0,3044.0,0.0,2.0,3.0,0.0,0.0
2018-12-02,0.6016791388653369,0.0012262766325843,0.65,0.1666666666666667,,,,,,,,,,,,,511.0,179.0,332.0,0.0,2.0,1.0,0.0,0.0
2018-12-03,0.6143018640714661,0.0022934525251421,0.95,0.4285714285714286,,,,,,,,,,,,,511.0,207.0,354.0,0.0,2.0,2.0,0.0,0.0
2018-12-04,0.6286674203233353,0.0026041391128923,0.75,-0.1999999999999999,,,,,,,,,,,,,511.0,11.0,8.0,0.0,0.0,1.0,0.0,0.0
2018-12-05,0.6324295597252432,0.0006802164399093,0.5,-0.3125,,,,,,,,,,,,,511.0,1706.0,3654.0,0.0,6.0,30.0,0.0,0.0
2018-12-06,0.6432684942840874,0.0019584095605169,0.8,0.5454545454545454,,,,,,,,,,,,,511.0,660.0,1235.0,0.0,3.0,8.0,0.0,0.0
2018-12-07,0.6561164972987141,0.0023168763771861,0.75,-0.0588235294117647,,,,,,,,,,,,,511.0,1056.0,5109.0,0.0,0.0,4.0,0.0,0.0
2018-12-08,0.6591137161417695,0.0005392381911073,0.55,-0.25,,,,,,,,,,,,,511.0,285.0,749.0,0.0,1.0,4.0,0.0,0.0
2018-12-09,0.6556813015322982,-0.0006172026835059,0.8,0.4166666666666667,,,,,,,,,,,,,511.0,550.0,1661.0,0.0,0.0,2.0,0.0,0.0
2018-12-10,0.656565004935632,0.0001590020493393,0.35000000000000003,-0.5294117647058824,,,,,,,,,,,,,511.0,48608.0,124704.0,0.0,23.0,28.0,0.0,0.0
2018-12-11,0.6556239580901355,-0.0001692927615278,0.45,0.25,,,,,,,,,,,,,511.0,1840.0,5697.0,0.0,7.0,16.0,0.0,0.0
2018-12-12,0.654084901062082,-0.0002769206788997,0.4,-0.0999999999999999,,,,,,,,,,,,,511.0,377.0,1022.0,0.0,3.0,7.0,0.0,0.0
2018-12-13,0.6573729330761067,0.0005917755182227,0.30000000000000004,-0.2222222222222222,,,,,,,,,,,,,511.0,294.0,817.0,0.0,5.0,8.0,0.0,0.0
2018-12-14,0.6613869740275167,0.0007220143463513,0.8,1.4285714285714284,,,,,,,,,,,,,511.0,134.0,841.0,0.0,0.0,2.0,0.0,0.0
2018-12-15,0.6406552717055165,-0.0037263662591394,0.10000000000000002,-0.8235294117647058,,,,,,,,,,,,,511.0,1413.0,5111.0,0.0,0.0,6.0,0.0,0.0
2018-12-16,0.6341826306713685,-0.0011677596362339,0.10000000000000002,0.0,,,,,,,,,,,,,511.0,660.0,2840.0,0.0,4.0,0.0,0.0,0.0
2018-12-17,0.6291568875617974,-0.0009077780375421,0.65,3.666666666666667,,,,,,,,,,,,,511.0,145.0,223.0,0.0,0.0,3.0,0.0,0.0
2018-12-18,0.6311260204060734,0.00035599903734,0.35000000000000003,-0.4285714285714286,,,,,,,,,,,,,511.0,276.0,487.0,0.0,2.0,4.0,0.0,0.0
2018-12-19,0.6299730076225813,-0.0002083787118383,0.35000000000000003,0.0,,,,,,,,,,,,,511.0,288.0,1682.0,0.0,4.0,3.0,0.0,0.0
2018-12-20,0.6321981379765136,0.0004022214172445,0.45,0.25,,,,,,,,,,,,,511.0,27228.0,107820.0,0.0,3.0,18.0,0.0,0.0
2018-12-21,0.6268938695764366,-0.0009584303944552,0.35000000000000003,-0.1999999999999999,,,,,,,,,,,,,511.0,528.0,908.0,0.0,3.0,8.0,0.0,0.0
2018-12-22,0.624571460168835,-0.0004200396704132,0.4,0.125,,,,,,,,,,,,,511.0,925.0,3474.0,0.0,5.0,9.0,0.0,0.0
2018-12-23,0.6379048344617706,0.0024125374127652,0.4,0.0,,,,,,,,,,,,,511.0,1209.0,3621.0,0.0,1.0,9.0,0.0,0.0
2018-12-24,0.6537797520305721,0.0028654905149361,0.85,1.0,,,,,,,,,,,,,511.0,124.0,399.0,0.0,0.0,4.0,0.0,0.0
2018-12-25,0.6727276637052872,0.0034104066058382,0.9,0.0555555555555555,,,,,,,,,,,,,511.0,32.0,51.0,0.0,0.0,2.0,0.0,0.0
2018-12-26,0.7309578812417312,0.0104451485512238,0.45,-0.4736842105263158,,,,,,,,,,,,,511.0,118.0,280.0,0.0,3.0,0.0,0.0,0.0
2018-12-27,0.7652707634460132,0.0060913094724779,0.35000000000000003,-0.1999999999999999,,,,,,,,,,,,,511.0,1014.0,2363.0,0.0,4.0,5.0,0.0,0.0
2018-12-28,0.7641822620349545,-0.0001920635996115,0.55,0.5,,,,,,,,,,,,,511.0,636.0,2077.0,0.0,2.0,3.0,0.0,0.0
2018-12-29,0.7578796033472184,-0.001112303431316,0.15000000000000002,-0.6666666666666667,,,,,,,,,,,,,511.0,6526.0,16404.0,0.0,2.0,6.0,0.0,0.0
2018-12-30,0.7392112409530478,-0.0032982915859099,0.30000000000000004,0.75,,,,,,,,,,,,,511.0,3804.0,11207.0,0.0,1.0,5.0,0.0,0.0
2018-12-31,0.7194984087194802,-0.003494351968425,0.2,-0.2857142857142857,,,,,,,,,,,,,511.0,42.0,74.0,0.0,0.0,2.0,0.0,0.0
2019-01-01,0.7092216446918407,-0.001828075975537,0.35000000000000003,0.6000000000000001,,,,,,,,,,,,,511.0,1998.0,6114.0,0.0,2.0,10.0,0.0,0.0
2019-01-02,0.7790546933559428,0.0124449601077685,0.55,0.5,,,,,,,,,,,,,511.0,3715.0,9699.0,0.0,5.0,27.0,0.0,0.0
2019-01-03,0.8131074820904143,0.0059939589977515,0.45,-0.1666666666666666,,,,,,,,,,,,,511.0,18634.0,51180.0,0.0,11.0,40.0,0.0,0.0
2019-01-04,0.7924198113400749,-0.0036197394138791,0.4,-0.0999999999999999,,,,,,,,,,,,,511.0,8674.0,20031.0,0.0,5.0,46.0,0.0,0.0
2019-01-05,0.7827891850268083,-0.001691200613975,0.10000000000000002,-0.6666666666666667,,,,,,,,,,,,,511.0,8210.0,28202.0,0.0,6.0,45.0,0.0,0.0
2019-01-06,0.7842125311804962,0.0002503722711448,0.25000000000000006,1.0,,,,,,,,,,,,,511.0,3229.0,11432.0,0.0,5.0,46.0,0.0,0.0
2019-01-07,0.7990501468401714,0.0026093425267188,0.30000000000000004,0.1666666666666667,,,,,,,,,,,,,511.0,6782.0,19760.0,0.0,10.0,41.0,0.0,0.0
2019-01-08,0.8252192362672695,0.0045901178835525,0.10000000000000002,-0.5714285714285714,,,,,,,,,,,,,511.0,3576.0,9329.0,0.0,17.0,34.0,0.0,0.0
2019-01-09,0.8604322057155027,0.0061482140089097,0.2,0.6666666666666667,,,,,,,,,,,,,511.0,24204.0,66414.0,0.0,4.0,47.0,0.0,0.0
2019-01-10,0.8896916970791704,0.0050775140971472,0.05,-0.6,,,,,,,,,,,,,511.0,10047.0,27264.0,0.0,15.0,36.0,0.0,0.0
2019-01-11,0.9137738948075516,0.0041579659311286,0.05,0.0,,,,,,,,,,,,,511.0,8021.0,24255.0,0.0,8.0,43.0,0.0,0.0
2019-01-12,0.9437645150587972,0.0051566566877636,0.10000000000000002,0.5,,,,,,,,,,,,,511.0,3554.0,14509.0,0.0,6.0,45.0,0.0,0.0
2019-01-13,0.9718740656090894,0.0048084258067657,,,,,,,,,,,,,,,511.0,2917.0,10362.0,0.0,17.0,34.0,0.0,0.0
2019-01-14,0.9875994806322526,0.0026771201669064,,,,,,,,,,,,,,,511.0,2186.0,7808.0,0.0,17.0,34.0,0.0,0.0
2019-01-15,0.9909161843673582,0.0005631334490663,0.0,-0.6666666666666667,,,,,,,,,,,,,511.0,3692.0,17966.0,0.0,13.0,38.0,0.0,0.0
2019-01-16,1.0,0.0015414465096688,0.0,0.0,,,,,,,,,,,,,511.0,1851.0,4425.0,0.0,13.0,38.0,0.0,0.0
2019-01-17,0.999390725927018,-0.0001032295226024,,,,,,,,,,,,,,,511.0,3977.0,10259.0,0.0,7.0,44.0,0.0,0.0
2019-01-18,0.9936932453521088,-0.0009654258180266,0.0,0.0,,,,,,,,,,,,,511.0,2946.0,8933.0,0.0,9.0,42.0,0.0,0.0
2019-01-19,0.9810408244348601,-0.0021459972878039,,,,,,,,,,,,,,,511.0,8092.0,28767.0,0.0,6.0,45.0,0.0,0.0
2019-01-20,0.9625762360583758,-0.0031385435848879,0.10000000000000002,2.0,,,,,,,,,,,,,511.0,5321.0,14452.0,0.0,9.0,42.0,0.0,0.0
2019-01-21,0.9451663574216749,-0.0029685848918898,,,,,,,,,,,,,,,511.0,2613.0,10363.0,0.0,7.0,37.0,0.0,0.0
2019-01-22,0.912861519683136,-0.005524747710543,0.10000000000000002,0.0,,,,,,,,,,,,,511.0,18265.0,70294.0,0.0,5.0,46.0,0.0,0.0
2019-01-23,0.83666437292898,-0.013103569477692,0.05,-0.3333333333333333,,,,,,,,,,,,,511.0,4492.0,14066.0,0.0,9.0,42.0,0.0,0.0
2019-01-24,0.7792236517123161,-0.0100091964343386,,,,,,,,,,,,,,,511.0,1426.0,4672.0,0.0,5.0,17.0,0.0,0.0
2019-01-25,0.7624107592681337,-0.002959310961238,0.0,-0.5,,,,,,,,,,,,,511.0,687.0,2293.0,0.0,4.0,15.0,0.0,0.0
2019-01-26,0.7565299844763107,-0.0010381732489345,,,,,,,,,,,,,,,511.0,630.0,4847.0,0.0,6.0,12.0,0.0,0.0
2019-01-27,0.7582257119802733,0.0002996694407202,0.0,0.0,,,,,,,,,,,,,511.0,1593.0,5961.0,0.0,3.0,18.0,0.0,0.0
2019-01-28,0.759958303125627,0.0003060922672808,0.0,0.0,,,,,,,,,,,,,511.0,1542.0,5047.0,0.0,4.0,25.0,0.0,0.0
2019-01-29,0.7454360763978487,-0.0025648180818408,0.05,1.0,,,,,,,,,,,,,511.0,820.0,2149.0,0.0,3.0,18.0,0.0,0.0
2019-01-30,0.6601653539114372,-0.0150986672420404,0.0,-0.5,,,,,,,,,,,,,511.0,8968.0,22245.0,0.0,9.0,17.0,0.0,0.0
2019-01-31,0.5939818057449937,-0.0118986034931632,,,,,,,,,,,,,,,511.0,467.0,1691.0,0.0,6.0,8.0,0.0,0.0
2019-02-01,0.5873903818663653,-0.0011992885128208,0.0,0.0,,,,,,,,,,,,,511.0,7045.0,26193.0,0.0,5.0,13.0,0.0,0.0
2019-02-02,0.5839118877051561,-0.0006336608397974,0.0,0.0,,,,,,,,,,,,,511.0,879.0,3465.0,0.0,2.0,12.0,0.0,0.0
2019-02-03,0.577974793461209,-0.0010822181552454,0.0,0.0,,,,,,,,,,,,,511.0,3474.0,23637.0,0.0,3.0,7.0,0.0,0.0
2019-02-04,0.5661876441265976,-0.0021508984873452,0.0,0.0,,,,,,,,,,,,,511.0,5632.0,18643.0,0.0,4.0,21.0,0.0,0.0
2019-02-05,0.5392730899513811,-0.0049219075069388,0.0,0.0,,,,,,,,,,,,,511.0,2993.0,9304.0,0.0,6.0,18.0,0.0,0.0
2019-02-06,0.502980835002437,-0.0066696500249721,0.0,0.0,,,,,,,,,,,,,511.0,8162.0,78593.0,0.0,8.0,34.0,0.0,0.0
2019-02-07,0.47440536898457,-0.0052867492156832,0.10000000000000002,2.0,,,,,,,,,,,,,511.0,3273.0,8522.0,0.0,6.0,18.0,0.0,0.0
2019-02-08,0.45582814170383745,-0.0034552412745729,0.05,-0.3333333333333333,,,,,,,,,,,,,511.0,532.0,1627.0,0.0,8.0,4.0,0.0,0.0
2019-02-09,0.4252712549612312,-0.0057030841490152,0.0,-0.5,,,,,,,,,,,,,511.0,163.0,567.0,0.0,2.0,4.0,0.0,0.0
2019-02-10,0.39073309494845176,-0.0064831158167151,,,,,,,,,,,,,,,511.0,1227.0,4120.0,0.0,3.0,5.0,0.0,0.0
2019-02-11,0.36057249235079425,-0.0056983529450003,0.0,0.0,,,,,,,,,,,,,511.0,2732.0,17657.0,0.0,4.0,10.0,0.0,0.0
2019-02-12,0.3294943946785285,-0.0059053494098931,,,,,,,,,,,,,,,511.0,1446.0,4655.0,0.0,1.0,6.0,0.0,0.0
2019-02-13,0.30922143989383244,-0.003875078341252,0.0,0.0,,,,,,,,,,,,,511.0,1101.0,3968.0,0.0,2.0,9.0,0.0,0.0
2019-02-14,0.29267888081984683,-0.0031743318282029,,,,,,,,,,,,,,,511.0,4165.0,10026.0,0.0,6.0,45.0,0.0,0.0
2019-02-15,0.26360575564320854,-0.0055965725132832,0.0,0.0,,,,,,,,,,,,,511.0,4666.0,17259.0,0.0,8.0,43.0,0.0,0.0
2019-02-16,0.24873844427241387,-0.0028780626370618,0.0,0.0,,,,,,,,,,,,,511.0,1295.0,6301.0,0.0,5.0,14.0,0.0,0.0
2019-02-17,0.2407031944393241,-0.0015599795952203,0.0,0.0,,,,,,,,,,,,,511.0,489.0,1126.0,0.0,2.0,11.0,0.0,0.0
2019-02-18,0.23493096259159607,-0.0011223836186547,0.0,0.0,,,,,,,,,,,,,511.0,4189.0,14330.0,0.0,2.0,34.0,0.0,0.0
2019-02-19,0.23126303027324102,-0.000714013765994,0.10000000000000002,2.0,,,,,,,,,,,,,511.0,605.0,1494.0,0.0,6.0,10.0,0.0,0.0
2019-02-20,0.23138488508783794,2.373767436214536e-05,,,,,,,,,,,,,,,511.0,1091.0,4705.0,0.0,4.0,10.0,0.0,0.0
2019-02-21,0.22724182139156124,-0.0008070617705451,0.0,-0.6666666666666667,,,,,,,,,,,,,511.0,4509.0,13832.0,0.0,4.0,47.0,0.0,0.0
2019-02-22,0.2204527674354786,-0.0013235643768337,0.05,1.0,,,,,,,,,,,,,511.0,3506.0,12083.0,0.0,10.0,41.0,0.0,0.0
2019-02-23,0.21526932985995906,-0.0010118796914626,,,,,,,,,,,,,,,511.0,3338.0,15875.0,0.0,4.0,47.0,0.0,0.0
2019-02-24,0.22263079424763355,0.0014385166690045,,,,,,,,,,,,,,,511.0,16821.0,47179.0,0.0,6.0,45.0,0.0,0.0
2019-02-25,0.24168929684651985,0.003718905716189,0.05,0.0,,,,,,,,,,,,,511.0,4882.0,9743.0,0.0,21.0,30.0,0.0,0.0
2019-02-26,0.2532143047312436,0.002240554534759,0.10000000000000002,0.5,,,,,,,,,,,,,511.0,2998.0,8219.0,0.0,7.0,44.0,0.0,0.0
2019-02-27,0.25172030326488937,-0.0002897966358563,0.0,-0.6666666666666667,,,,,,,,,,,,,511.0,3797.0,14086.0,0.0,15.0,36.0,0.0,0.0
2019-02-28,0.2569590363024945,0.0010164697504879,0.0,0.0,,,,,,,,,,,,,511.0,3874.0,22174.0,0.0,5.0,17.0,0.0,0.0
2019-03-01,0.2617205899821009,0.0009229446419789,0.0,0.0,,,,,,,,,,,,,511.0,2177.0,7254.0,0.0,3.0,16.0,0.0,0.0
2019-03-02,0.2632279033189562,0.0002918971570169,,,,,,,,,,,,,,,511.0,1814.0,10671.0,0.0,1.0,9.0,0.0,0.0
2019-03-03,0.2753693532069317,0.0023505534119006,,,,,,,,,,,,,,,511.0,161.0,349.0,0.0,1.0,6.0,0.0,0.0
2019-03-04,0.26877588134822616,-0.0012734857653008,0.0,0.0,,,,,,,,,,,,,511.0,1661.0,7727.0,0.0,1.0,24.0,0.0,0.0
2019-03-05,0.26625072191297683,-0.0004883398465115,,,,,,,,,,,,,,,511.0,15985.0,33938.0,0.0,11.0,33.0,0.0,0.0
2019-03-06,0.26385663320267216,-0.0004632183252181,0.0,0.0,,,,,,,,,,,,,511.0,3359.0,11246.0,0.0,7.0,44.0,0.0,0.0
2019-03-07,0.2588360100432938,-0.0009718614109374,,,,,,,,,,,,,,,511.0,2581.0,8973.0,0.0,13.0,38.0,0.0,0.0
2019-03-08,0.26587184559868593,0.0013632787737436,,,,,,,,,,,,,,,511.0,36108.0,85144.0,0.0,13.0,38.0,0.0,0.0
2019-03-09,0.27498740492252516,0.0017638459529623,0.0,0.0,,,,,,,,,,,,,511.0,16600.0,44263.0,0.0,10.0,41.0,0.0,0.0
2019-03-10,0.29669292177125683,0.0041925872478256,,,,,,,,,,,,,,,511.0,12239.0,30086.0,0.0,13.0,38.0,0.0,0.0
2019-03-11,0.3122442584878531,0.0029913187348891,0.05,1.0,,,,,,,,,,,,,511.0,2456.0,8787.0,0.0,10.0,41.0,0.0,0.0
2019-03-12,0.3272231847728584,0.0028726219568235,0.0,-0.5,,,,,,,,,,,,,511.0,2593.0,9439.0,0.0,16.0,35.0,0.0,0.0
2019-03-13,0.3424130530058198,0.00290473169318,,,,,,,,,,,,,,,511.0,3283.0,11063.0,0.0,10.0,41.0,0.0,0.0
2019-03-14,0.35193206440487756,0.0018150315697562,0.0,0.0,,,,,,,,,,,,,511.0,1142.0,4815.0,0.0,7.0,19.0,0.0,0.0
2019-03-15,0.3690040263288319,0.0032492881462959,,,,,,,,,,,,,,,511.0,1035.0,6079.0,0.0,8.0,16.0,0.0,0.0
2019-03-16,0.3636055508452012,-0.0010241582456589,,,,,,,,,,,,,,,511.0,3987.0,18505.0,0.0,4.0,13.0,0.0,0.0
2019-03-17,0.3560382644597633,-0.0014370805679093,0.05,1.0,,,,,,,,,,,,,511.0,458.0,1588.0,0.0,6.0,8.0,0.0,0.0
2019-03-18,0.3508404910237033,-0.0009885140740567,,,,,,,,,,,,,,,511.0,16192.0,83562.0,0.0,5.0,17.0,0.0,0.0
2019-03-19,0.34852320156629535,-0.0004411388595185,,,,,,,,,,,,,,,511.0,257.0,735.0,0.0,2.0,9.0,0.0,0.0
2019-03-20,0.34119552884989535,-0.001395573520065,,,,,,,,,,,,,,,511.0,1242.0,5766.0,0.0,9.0,14.0,0.0,0.0
2019-03-21,0.3532990911064413,0.0023083750855632,0.0,-0.5,,,,,,,,,,,,,511.0,422.0,2004.0,0.0,7.0,10.0,0.0,0.0
2019-03-22,0.3602970390304039,0.0013315654467145,,,,,,,,,,,,,,,511.0,1662.0,3993.0,0.0,10.0,18.0,0.0,0.0
2019-03-23,0.3630536202143828,0.000523823154034,,,,,,,,,,,,,,,511.0,878.0,3833.0,0.0,1.0,12.0,0.0,0.0
2019-03-24,0.3651251520625207,0.0003934396132427,,,,,,,,,,,,,,,511.0,5260.0,13796.0,0.0,2.0,20.0,0.0,0.0
2019-03-25,0.35043089500825353,-0.0027897370337494,,,,,,,,,,,,,,,511.0,1659.0,4575.0,0.0,6.0,16.0,0.0,0.0
2019-03-26,0.3349932211859441,-0.0029390755909343,,,,,,,,,,,,,,,511.0,2238.0,7381.0,0.0,5.0,24.0,0.0,0.0
2019-03-27,0.3272231847728584,-0.0014836458739863,0.0,0.0,,,,,,,,,,,,,511.0,2120.0,7637.0,0.0,4.0,19.0,0.0,0.0
2019-03-28,0.3226940768320201,-0.0008660933179813,,,,,,,,,,,,,,,511.0,3313.0,8666.0,0.0,6.0,32.0,0.0,0.0
2019-03-29,0.3131658495226155,-0.001823645538967,0.0,0.0,,,,,,,,,,,,,511.0,1537.0,4275.0,0.0,6.0,13.0,0.0,0.0
2019-03-30,0.31000888823353545,-0.0006053273519215,0.0,0.0,,,,,,,,,,,,,511.0,185.0,526.0,0.0,0.0,3.0,0.0,0.0
2019-03-31,0.30686114285480226,-0.0006039258322496,0.0,0.0,,,,,,,,,,,,,511.0,948.0,3789.0,0.0,4.0,8.0,0.0,0.0
2019-04-01,0.3077776139393711,0.0001759402235719,0.0,0.0,,,,,,,,,,,,,511.0,631.0,3485.0,0.0,3.0,15.0,0.0,0.0
2019-04-02,0.299420831234154,-0.0016040174140353,,,,,,,,,,,,,,,511.0,235.0,823.0,0.0,1.0,9.0,0.0,0.0
2019-04-03,0.2942312497184023,-0.0009976988748721,0.0,0.0,,,,,,,,,,,,,511.0,199.0,524.0,0.0,2.0,5.0,0.0,0.0
2019-04-04,0.2937131107588584,-9.97118799610508e-05,,,,,,,,,,,,,,,511.0,244.0,1171.0,0.0,4.0,2.0,0.0,0.0
2019-04-05,0.2850798507432115,-0.0016615705398872,,,,,,,,,,,,,,,511.0,92.0,301.0,0.0,3.0,0.0,0.0,0.0
2019-04-06,0.25958761873164526,-0.0049144399848075,,,,,,,,,,,,,,,511.0,36.0,115.0,0.0,1.0,1.0,0.0,0.0
2019-04-07,0.23898084319435764,-0.0039922321684164,,,,,,,,,,,,,,,511.0,544.0,1702.0,0.0,6.0,11.0,0.0,0.0
2019-04-08,0.22347865799961486,-0.0030153376096593,0.05,1.0,,,,,,,,,,,,,511.0,451.0,1553.0,0.0,4.0,9.0,0.0,0.0
2019-04-09,0.20759964447065826,-0.0030979761167957,,,,,,,,,,,,,,,511.0,1214.0,2725.0,0.0,2.0,4.0,0.0,0.0
2019-04-10,0.2116669329040768,0.0007959889531483,,,,,,,,,,,,,,,511.0,263.0,913.0,0.0,2.0,1.0,0.0,0.0
2019-04-11,0.19749798273962416,-0.0027707298631495,0.0,-0.5,,,,,,,,,,,,,511.0,33.0,64.0,0.0,1.0,1.0,0.0,0.0
2019-04-12,,,,,,,,,,,,,,,,,,367.0,1362.0,0.0,0.0,7.0,0.0,0.0
2019-04-13,0.1821125324092847,-0.0030169749770789,0.0,0.0,,,,,,,,,,,,,511.0,6332.0,14630.0,0.0,4.0,4.0,0.0,0.0
2019-04-14,,,,,,,,,,,,,,,,,,111.0,358.0,0.0,4.0,1.0,0.0,0.0
2019-04-15,0.16006807485776786,-0.0043358390084125,0.0,0.0,,,,,,,,,,,,,511.0,75535.0,247992.0,0.0,26.0,16.0,0.0,0.0
2019-04-16,,,,,,,,,,,,,,,,,,5811.0,9730.0,0.0,9.0,5.0,0.0,0.0
2019-04-17,0.13846700499297526,-0.004267132400046,0.0,0.0,,,,,,,,,,,,,511.0,265.0,610.0,0.0,0.0,13.0,0.0,0.0
2019-04-18,,,,,,,,,,,,,,,,,,178.0,495.0,0.0,1.0,6.0,0.0,0.0
2019-04-19,0.12999143944327685,-0.0016814606218864,,,,,,,,,,,,,,,511.0,150.0,384.0,0.0,2.0,1.0,0.0,0.0
2019-04-20,,,,,,,,,,,,,,,,,,228.0,449.0,0.0,2.0,4.0,0.0,0.0
2019-04-21,,,,,,,,,,,,,,,,,,372.0,1591.0,0.0,6.0,0.0,0.0,0.0
2019-04-22,0.13925138136256177,0.0018401665856433,0.0,0.0,,,,,,,,,,,,,511.0,580.0,2156.0,0.0,1.0,7.0,0.0,0.0
2019-04-23,,,,,,,,,,,,,,,,,,75.0,200.0,0.0,0.0,4.0,0.0,0.0
2019-04-24,0.14396685549042942,0.0009353535616152,,,,,,,,,,,,,,,511.0,780.0,2203.0,0.0,2.0,9.0,0.0,0.0
2019-04-25,,,,,,,,,,,,,,,,,,273.0,1235.0,0.0,4.0,7.0,0.0,0.0
2019-04-26,,,,,,,,,,,,,,,,,,8284.0,27670.0,0.0,0.0,7.0,0.0,0.0
2019-04-27,0.12732804135281395,-0.0032973631444128,0.0,0.0,,,,,,,,,,,,,511.0,293.0,656.0,0.0,5.0,2.0,0.0,0.0
2019-04-28,0.11269112774070944,-0.0029102366873061,,,,,,,,,,,,,,,511.0,157.0,336.0,0.0,1.0,3.0,0.0,0.0
2019-04-29,0.09846688211417032,-0.0028364412147506,0.0,0.0,,,,,,,,,,,,,511.0,728.0,4972.0,0.0,1.0,7.0,0.0,0.0
2019-04-30,0.09255026767099572,-0.0011831816200168,0.0,0.0,,,,,,,,,,,,,511.0,828.0,2841.0,0.0,3.0,3.0,0.0,0.0
2019-05-01,0.07488848748479349,-0.0035361182040997,0.0,0.0,,,,,,,,,,,,,511.0,300.0,566.0,0.0,2.0,7.0,0.0,0.0
2019-05-02,0.07626063413655082,0.0002756965091679,,,,,,,,,,,,,,,511.0,4597.0,13030.0,0.0,4.0,5.0,0.0,0.0
2019-05-03,0.07193734819347686,-0.0008684103298457,,,,,,,,,,,,,,,511.0,92.0,281.0,0.0,1.0,3.0,0.0,0.0
2019-05-04,0.06407412868687601,-0.001580842958414,,,,,,,,,,,,,,,511.0,80.0,213.0,0.0,1.0,4.0,0.0,0.0
2019-05-05,0.059174336352056045,-0.0009866272318188,,,,,,,,,,,,,,,511.0,501.0,1667.0,0.0,3.0,8.0,0.0,0.0
2019-05-06,,,,,,,,,,,,,,,,,,76.0,279.0,0.0,1.0,1.0,0.0,0.0
2019-05-07,0.06532749249415293,0.0012402295033446,0.05,1.0,,,,,,,,,,,,,511.0,1037.0,3678.0,0.0,5.0,24.0,0.0,0.0
2019-05-08,0.0674215521231405,0.0004215556123585,,,,,,,,,,,,,,,511.0,613.0,1437.0,0.0,5.0,14.0,0.0,0.0
2019-05-09,0.058966466374214654,-0.0017013779781068,0.05,0.0,,,,,,,,,,,,,511.0,631.0,2808.0,0.0,3.0,14.0,0.0,0.0
2019-05-10,0.058966466374214654,0.0,,,,,,,,,,,,,,,511.0,229.0,731.0,0.0,2.0,4.0,0.0,0.0
2019-05-11,0.060735921160958384,0.0003566660639671,,,,,,,,,,,,,,,511.0,42.0,640.0,0.0,0.0,2.0,0.0,0.0
2019-05-12,0.0529535968674093,-0.0015681108968026,,,,,,,,,,,,,,,511.0,1022.0,4227.0,0.0,3.0,4.0,0.0,0.0
2019-05-13,0.05357413483081608,0.0001252325895702,0.05,0.0,,,,,,,,,,,,,511.0,1294.0,5010.0,0.0,0.0,8.0,0.0,0.0
2019-05-14,,,,,,,,,,,,,,,,,,1995.0,7048.0,0.0,3.0,9.0,0.0,0.0
2019-05-15,0.0469734950418399,-0.0013319277081049,0.0,-0.5,,,,,,,,,,,,,511.0,633.0,2040.0,0.0,2.0,2.0,0.0,0.0
2019-05-16,,,,,,,,,,,,,,,,,,51.0,499.0,0.0,1.0,2.0,0.0,0.0
2019-05-17,,,,,,,,,,,,,,,,,,249.0,710.0,0.0,0.0,4.0,0.0,0.0
2019-05-18,,,,,,,,,,,,,,,,,,32.0,68.0,0.0,2.0,0.0,0.0,0.0
2019-05-19,0.029735646731628762,-0.0034830243426862,,,,,,,,,,,,,,,511.0,54.0,286.0,0.0,1.0,2.0,0.0,0.0
2019-05-20,,,,,,,,,,,,,,,,,,134.0,607.0,0.0,1.0,0.0,0.0,0.0
2019-05-21,,,,,,,,,,,,,,,,,,73.0,128.0,0.0,1.0,2.0,0.0,0.0
2019-05-22,,,,,,,,,,,,,,,,,,56.0,159.0,0.0,1.0,2.0,0.0,0.0
2019-05-23,0.0,-0.0060292895699249,,,,,,,,,,,,,,,511.0,170.0,216.0,0.0,1.0,3.0,0.0,0.0
2019-05-24,,,,,,,,,,,,,,,,,,163.0,345.0,0.0,1.0,3.0,0.0,0.0
2019-05-25,,,,,,,,,,,,,,,,,,5279.0,33639.0,0.0,1.0,1.0,0.0,0.0
2019-05-26,0.014066551160589746,0.0028694773214785,0.05,0.0,,,,,,,,,,,,,511.0,13.0,9.0,0.0,0.0,1.0,0.0,0.0
2019-05-27,,,,,,,,,,,,,,,,,,133.0,354.0,0.0,2.0,1.0,0.0,0.0
2019-05-29,0.04430292902110633,0.0061503597152272,0.0,0.0,,,,,,,,,,,,,511.0,235.0,1070.0,0.0,3.0,4.0,0.0,0.0
2019-05-30,,,,,,,,,,,,,,,,,,4136.0,12822.0,0.0,4.0,47.0,0.0,0.0
2019-05-31,,,,,,,,,,,,,,,,,,883.0,3721.0,0.0,2.0,23.0,0.0,0.0
2019-06-01,,,,,,,,,,,,,,,,,,66.0,179.0,0.0,0.0,4.0,0.0,0.0
2019-06-02,,,,,,,,,,,,,,,,,,86.0,280.0,0.0,1.0,4.0,0.0,0.0
2019-06-03,0.06355189376717707,0.0038914839475769,,,,,,,,,,,,,,,511.0,484.0,1243.0,0.0,4.0,12.0,0.0,0.0
2019-06-04,,,,,,,,,,,,,,,,,,232.0,664.0,0.0,1.0,9.0,0.0,0.0
2019-06-05,,,,,,,,,,,,,,,,,,466.0,1240.0,0.0,3.0,8.0,0.0,0.0
2019-06-06,0.06784138803897743,0.0008638278233807,0.05,1.0,,,,,,,,,,,,,511.0,876.0,2031.0,0.0,6.0,22.0,0.0,0.0
2019-06-07,,,,,,,,,,,,,,,,,,149.0,327.0,0.0,0.0,6.0,0.0,0.0
2019-06-08,,,,,,,,,,,,,,,,,,293.0,678.0,0.0,1.0,4.0,0.0,0.0
2019-06-09,0.09265778662505131,0.0049932677934743,,,,,,,,,,,,,,,511.0,357.0,1094.0,0.0,2.0,6.0,0.0,0.0
2019-06-10,,,,,,,,,,,,,,,,,,80.0,227.0,0.0,2.0,2.0,0.0,0.0
2019-06-12,0.1178407736449536,0.0050418531419069,,,,,,,,,,,,,,,511.0,161.0,480.0,0.0,1.0,6.0,0.0,0.0
2019-06-13,,,,,,,,,,,,,,,,,,544.0,3792.0,0.0,7.0,7.0,0.0,0.0
2019-06-14,,,,,,,,,,,,,,,,,,179.0,610.0,0.0,2.0,4.0,0.0,0.0
2019-06-15,0.11718234805011818,-0.000131161237958,,,,,,,,,,,,,,,511.0,13.0,30.0,0.0,0.0,1.0,0.0,0.0
2019-06-16,,,,,,,,,,,,,,,,,,30.0,223.0,0.0,2.0,0.0,0.0,0.0
2019-06-17,,,,,,,,,,,,,,,,,,162.0,2294.0,0.0,1.0,1.0,0.0,0.0
2019-06-18,0.12799363487792004,0.0021539378014248,,,,,,,,,,,,,,,511.0,521.0,2510.0,0.0,6.0,7.0,0.0,0.0
2019-06-19,0.13533666744489903,0.0014598115171819,,,,,,,,,,,,,,,511.0,128.0,1193.0,0.0,4.0,0.0,0.0,0.0
2019-06-20,0.13489020778805827,-8.8627811773212e-05,,,,,,,,,,,,,,,511.0,19.0,39.0,0.0,1.0,0.0,0.0,0.0
2019-06-21,0.14104541191023312,0.0012219931112196,,,,,,,,,,,,,,,511.0,48.0,275.0,0.0,2.0,0.0,0.0,0.0
2019-06-22,0.14272987552377092,0.0003340085246286,,,,,,,,,,,,,,,511.0,202.0,371.0,0.0,0.0,2.0,0.0,0.0
2019-06-23,0.14171919735564842,-0.0002003382001104,,,,,,,,,,,,,,,511.0,132.0,630.0,0.0,3.0,3.0,0.0,0.0
2019-06-24,0.14509324453291672,0.0006689428996837,,,,,,,,,,,,,,,511.0,4812.0,16330.0,0.0,3.0,3.0,0.0,0.0
2019-06-25,0.14183081226985816,-0.0006463815919611,,,,,,,,,,,,,,,511.0,350.0,1357.0,0.0,2.0,2.0,0.0,0.0
2019-06-26,0.12810422580209124,-0.0027213903310148,,,,,,,,,,,,,,,511.0,1100.0,5359.0,0.0,1.0,9.0,0.0,0.0
2019-06-27,0.13054644204421173,0.0004855074499439,,,,,,,,,,,,,,,511.0,40.0,64.0,0.0,0.0,2.0,0.0,0.0
2019-06-28,0.12899202516557917,-0.0003088648484333,,,,,,,,,,,,,,,511.0,247.0,762.0,0.0,3.0,6.0,0.0,0.0
2019-06-29,0.13622958675857966,0.0014385581202513,,,,,,,,,,,,,,,511.0,217.0,2043.0,0.0,3.0,4.0,0.0,0.0
2019-06-30,0.14003575773214827,0.0007554385171211,,,,,,,,,,,,,,,511.0,8250.0,21991.0,0.0,2.0,3.0,0.0,0.0
2019-07-01,0.1298798245290671,-0.0020142005402882,,,,,,,,,,,,,,,511.0,6259.0,30003.0,0.0,2.0,3.0,0.0,0.0
2019-07-02,0.13925138136256177,0.0018623883828641,,,,,,,,,,,,,,,511.0,,,,,,0.0,0.0
